﻿<?xml version="1.0" encoding="utf-8"?>
<manifest identifier="_6aop79SZd0C" version="1.0" xmlns="http://www.imsproject.org/xsd/imscp_rootv1p1p2" xmlns:adlcp="http://www.adlnet.org/xsd/adlcp_rootv1p2" xmlns:xsi="http://www.w3.org/2001/XMLSchema-instance" xsi:schemaLocation="http://www.imsproject.org/xsd/imscp_rootv1p1p2 imscp_rootv1p1p2.xsd http://www.imsglobal.org/xsd/imsmd_rootv1p2p1 imsmd_rootv1p2p1.xsd http://www.adlnet.org/xsd/adlcp_rootv1p2 adlcp_rootv1p2.xsd">
  <metadata>
    <schema>ADL SCORM</schema>
    <schemaversion>1.2</schemaversion>
    <lom xmlns="http://www.imsglobal.org/xsd/imsmd_rootv1p2p1" xmlns:xsi="http://www.w3.org/2001/XMLSchema-instance" xsi:schemaLocation="http://www.imsglobal.org/xsd/imsmd_rootv1p2p1 imsmd_rootv1p2p1.xsd">
      <general>
        <title>
          <langstring xml:lang="x-none">AI for Dummies</langstring>
        </title>
      </general>
      <lifecycle>
        <version>
          <langstring xml:lang="x-none">1</langstring>
        </version>
        <status>
          <source>
            <langstring xml:lang="x-none">LOMv1.0</langstring>
          </source>
          <value>
            <langstring xml:lang="x-none">Final</langstring>
          </value>
        </status>
      </lifecycle>
      <metametadata>
        <metadatascheme>ADL SCORM 1.2</metadatascheme>
      </metametadata>
      <educational>
        <typicallearningtime>
          <datetime>PT0H0M0S</datetime>
        </typicallearningtime>
      </educational>
      <rights>
        <cost>
          <source>
            <langstring xml:lang="x-none">LOMv1.0</langstring>
          </source>
          <value>
            <langstring xml:lang="x-none">yes</langstring>
          </value>
        </cost>
        <copyrightandotherrestrictions>
          <source>
            <langstring xml:lang="x-none">LOMv1.0</langstring>
          </source>
          <value>
            <langstring xml:lang="x-none">yes</langstring>
          </value>
        </copyrightandotherrestrictions>
      </rights>
    </lom>
  </metadata>
  <organizations default="AI_for_Dummies_ORG">
    <organization identifier="AI_for_Dummies_ORG">
      <title>AI for Dummies</title>
      <item identifier="AI_for_Dummies_SCO" isvisible="true" identifierref="__6aop79SZd0C_RES">
        <title>AI for Dummies</title>
      </item>
    </organization>
  </organizations>
  <resources>
    <resource identifier="__6aop79SZd0C_RES" type="webcontent" href="index_lms.html" adlcp:scormtype="sco">
      <file href="story_content/thumbnail.jpg" />
      <file href="mobile/5tgZLjpBiTo.png" />
      <file href="mobile/5sV6Os7F1g9_P_277_497_510_320.png" />
      <file href="mobile/6WHFeetjN7c_P_282_428_501_492.png" />
      <file href="mobile/5iEgRoe73OW_P_316_413_447_506.png" />
      <file href="mobile/5p1d3A3nhYh_P_357_482_445_412.png" />
      <file href="mobile/6agsc9FGWPv_P_257_522_597_325.png" />
      <file href="mobile/5kfz54wugTM_P_258_485_568_417.png" />
      <file href="mobile/6TiJhTH42tO_P_309_437_459_447.png" />
      <file href="mobile/60H6AfwktBj_P_307_452_605_448.png" />
      <file href="mobile/6D4aHWDQiF4_P_315_440_452_440.png" />
      <file href="mobile/6Ih0riKFd1I_P_310_447_462_475.png" />
      <file href="mobile/6HY7D5qVBID_P_323_515_447_311.png" />
      <file href="mobile/6641OlVJytf_P_331_481_412_404.png" />
      <file href="meta.xml" />
      <file href="story_content/user.js" />
      <file href="mobile/Slide64kn3uyJJmc.jpg" />
      <file href="mobile/Slide65z94rZ2M4Y.jpg" />
      <file href="mobile/Slide6gfOAQ56oq6.jpg" />
      <file href="mobile/Slide6R0oSgOpnyk.jpg" />
      <file href="mobile/Slide62DgHueJVEc.jpg" />
      <file href="mobile/Slide5cAg8eacZmi.jpg" />
      <file href="mobile/Slide6IC5ClFElt8.jpg" />
      <file href="mobile/Slide6OMLNzwToBi.jpg" />
      <file href="mobile/Slide6bGHvSKJDYV.jpg" />
      <file href="mobile/Slide68T5GKkdsbn.jpg" />
      <file href="mobile/Slide6DuwA8J8L7u.jpg" />
      <file href="mobile/Slide6NkX9kaI1tR.jpg" />
      <file href="html5/data/css/output.min.css" />
      <file href="html5/data/js/5ehUk3ecBkf.js" />
      <file href="html5/data/js/5f0ylM6W72R.js" />
      <file href="html5/data/js/5fEIkhBRfQn.js" />
      <file href="html5/data/js/5fL2W7xH645.js" />
      <file href="html5/data/js/5oFHNLJ1fbk.js" />
      <file href="html5/data/js/5q9se9o95SI.js" />
      <file href="html5/data/js/60gy7Bkvuge.js" />
      <file href="html5/data/js/6cVhqakEQes.js" />
      <file href="html5/data/js/6LS7zMDOk5m.js" />
      <file href="html5/data/js/6N8borfvQiS.js" />
      <file href="html5/data/js/6PNd03gXqkT.js" />
      <file href="html5/data/js/6SaXSwqKt7h.js" />
      <file href="html5/data/js/data.js" />
      <file href="html5/data/js/frame.js" />
      <file href="html5/data/js/paths.js" />
      <file href="html5/lib/hls/hls.min.js" />
      <file href="html5/lib/scripts/bootstrapper.min.js" />
      <file href="html5/lib/scripts/frame.desktop.min.js" />
      <file href="html5/lib/scripts/frame.mobile.min.js" />
      <file href="html5/lib/scripts/slides.min.js" />
      <file href="html5/lib/stylesheets/desktop.min.css" />
      <file href="html5/lib/stylesheets/mobile.min.css" />
      <file href="html5/lib/stylesheets/mobile-fonts/open-sans-bold.woff" />
      <file href="html5/lib/stylesheets/mobile-fonts/open-sans-light.woff" />
      <file href="html5/lib/stylesheets/mobile-fonts/open-sans-regular.woff" />
      <file href="analytics-frame.html" />
      <file href="story.html" />
      <file href="index_lms.html" />
      <file href="lms/AICCComm.html" />
      <file href="lms/blank.html" />
      <file href="lms/browsersniff.js" />
      <file href="lms/goodbye.html" />
      <file href="lms/scormdriver.js" />
    </resource>
  </resources>
</manifest>